{
  "GET Transactions With Pagination" : {
    "transaction" : "GET Transactions With Pagination",
    "sampleCount" : 1500,
    "errorCount" : 0,
    "errorPct" : 0.0,
    "meanResTime" : 2.8439999999999968,
    "medianResTime" : 2.0,
    "minResTime" : 0.0,
    "maxResTime" : 104.0,
    "pct1ResTime" : 5.0,
    "pct2ResTime" : 7.0,
    "pct3ResTime" : 11.0,
    "throughput" : 153.26453458669664,
    "receivedKBytesPerSec" : 277.6422965413303,
    "sentKBytesPerSec" : 23.797911132114027
  },
  "Total" : {
    "transaction" : "Total",
    "sampleCount" : 1500,
    "errorCount" : 0,
    "errorPct" : 0.0,
    "meanResTime" : 2.8439999999999968,
    "medianResTime" : 2.0,
    "minResTime" : 0.0,
    "maxResTime" : 104.0,
    "pct1ResTime" : 5.0,
    "pct2ResTime" : 7.0,
    "pct3ResTime" : 11.0,
    "throughput" : 153.26453458669664,
    "receivedKBytesPerSec" : 277.6422965413303,
    "sentKBytesPerSec" : 23.797911132114027
  }
}