{
  "Delete Multiple Transactions" : {
    "transaction" : "Delete Multiple Transactions",
    "sampleCount" : 20,
    "errorCount" : 20,
    "errorPct" : 100.0,
    "meanResTime" : 4.5,
    "medianResTime" : 4.0,
    "minResTime" : 2.0,
    "maxResTime" : 13.0,
    "pct1ResTime" : 8.800000000000004,
    "pct2ResTime" : 12.799999999999997,
    "pct3ResTime" : 13.0,
    "throughput" : 2.330187580100198,
    "receivedKBytesPerSec" : 1.477416295293021,
    "sentKBytesPerSec" : 0.5670729931259466
  },
  "Total" : {
    "transaction" : "Total",
    "sampleCount" : 295,
    "errorCount" : 89,
    "errorPct" : 30.16949,
    "meanResTime" : 5.779661016949148,
    "medianResTime" : 3.0,
    "minResTime" : 1.0,
    "maxResTime" : 366.0,
    "pct1ResTime" : 9.0,
    "pct2ResTime" : 13.0,
    "pct3ResTime" : 36.12000000000057,
    "throughput" : 15.57796905528859,
    "receivedKBytesPerSec" : 41.72598822741194,
    "sentKBytesPerSec" : 2.802466731794899
  },
  "Update Transaction" : {
    "transaction" : "Update Transaction",
    "sampleCount" : 45,
    "errorCount" : 45,
    "errorPct" : 100.0,
    "meanResTime" : 7.844444444444447,
    "medianResTime" : 6.0,
    "minResTime" : 3.0,
    "maxResTime" : 63.0,
    "pct1ResTime" : 13.399999999999999,
    "pct2ResTime" : 18.199999999999974,
    "pct3ResTime" : 63.0,
    "throughput" : 3.226268999139662,
    "receivedKBytesPerSec" : 1.6780379579509606,
    "sentKBytesPerSec" : 1.002537886256094
  },
  "Create Test Data" : {
    "transaction" : "Create Test Data",
    "sampleCount" : 10,
    "errorCount" : 10,
    "errorPct" : 100.0,
    "meanResTime" : 10.200000000000001,
    "medianResTime" : 5.0,
    "minResTime" : 4.0,
    "maxResTime" : 35.0,
    "pct1ResTime" : 33.00000000000001,
    "pct2ResTime" : 35.0,
    "pct3ResTime" : 35.0,
    "throughput" : 1.1209505660800358,
    "receivedKBytesPerSec" : 0.6425761545790831,
    "sentKBytesPerSec" : 0.3395692046855734
  },
  "Get Paginated Transactions" : {
    "transaction" : "Get Paginated Transactions",
    "sampleCount" : 100,
    "errorCount" : 0,
    "errorPct" : 0.0,
    "meanResTime" : 3.079999999999999,
    "medianResTime" : 2.0,
    "minResTime" : 1.0,
    "maxResTime" : 12.0,
    "pct1ResTime" : 6.0,
    "pct2ResTime" : 8.0,
    "pct3ResTime" : 11.989999999999995,
    "throughput" : 5.291285253187999,
    "receivedKBytesPerSec" : 8.19844345269591,
    "sentKBytesPerSec" : 0.764756071749828
  },
  "Get All Transactions" : {
    "transaction" : "Get All Transactions",
    "sampleCount" : 100,
    "errorCount" : 0,
    "errorPct" : 0.0,
    "meanResTime" : 3.3799999999999986,
    "medianResTime" : 2.0,
    "minResTime" : 1.0,
    "maxResTime" : 35.0,
    "pct1ResTime" : 6.900000000000006,
    "pct2ResTime" : 10.0,
    "pct3ResTime" : 34.81999999999991,
    "throughput" : 5.281225244256667,
    "receivedKBytesPerSec" : 30.849163255875364,
    "sentKBytesPerSec" : 0.6601531555320835
  },
  "Delete Single Transaction" : {
    "transaction" : "Delete Single Transaction",
    "sampleCount" : 20,
    "errorCount" : 14,
    "errorPct" : 70.0,
    "meanResTime" : 25.699999999999996,
    "medianResTime" : 6.0,
    "minResTime" : 4.0,
    "maxResTime" : 366.0,
    "pct1ResTime" : 17.700000000000006,
    "pct2ResTime" : 348.59999999999974,
    "pct3ResTime" : 366.0,
    "throughput" : 2.2356360384529395,
    "receivedKBytesPerSec" : 1.036819877598927,
    "sentKBytesPerSec" : 0.47365355326402864
  }
}